latitude,longitude
-7.60100575,111.8587214
-7.601423,111.903649
-7.601373,111.904563
-7.601925933,111.8522147
-7.585797,111.9613351
-7.604983,111.900765
-7.569022,111.84896
-7.539328,111.94946
-7.590789997,111.9769328
-7.527354304,111.951448
-7.575124598,111.8761499
-7.607466,111.899897
-7.536208,111.94985
-7.608075,111.899717
-7.58642,111.878548
